sampleid	barcode	primer_adapter	location	date	samplename
CP01	TAAGGCGATAGATCGC	CTGTCTCTTATACACATCT	India_Point_Park	20190322	W_19_IPT1
CP02	CGTACTAGTAGATCGC	CTGTCTCTTATACACATCT	India_Point_Park	20190322	W_19_IPT2
CP03	AGGCAGAATAGATCGC	CTGTCTCTTATACACATCT	India_Point_Park	20190322	W_19_IPT3
CP04	TCCTGAGCTAGATCGC	CTGTCTCTTATACACATCT	Sabin_Point_Park	20190322	W_19_SP1
CP05	GGACTCCTTAGATCGC	CTGTCTCTTATACACATCT	Sabin_Point_Park	20190322	W_19_SP2
CP06	TAGGCATGTAGATCGC	CTGTCTCTTATACACATCT	Sabin_Point_Park	20190322	W_19_SP3
CP07	CTCTCTACTAGATCGC	CTGTCTCTTATACACATCT	Haines_Point_Boat_Launch	20190322	W_19_HP1
CP08	CAGAGAGGTAGATCGC	CTGTCTCTTATACACATCT	Haines_Point_Boat_Launch	20190322	W_19_HP2
CP09	GCTACGCTTAGATCGC	CTGTCTCTTATACACATCT	Haines_Point_Boat_Launch	20190322	W_19_HP3
CP10	CGAGGCTGTAGATCGC	CTGTCTCTTATACACATCT	Conimucut_point_park	20190322	W_19_CP1